{
  "generatedAt": "2026-03-26T06:11:14.450147+00:00",
  "features": [
    "age",
    "systolic",
    "diastolic",
    "glucose",
    "hemoglobin",
    "hasBp",
    "hasDiabetes",
    "smoker",
    "alcoholic",
    "diseaseCount",
    "diseaseCategoryCount"
  ],
  "labels": [
    "hypertensiveCrisis",
    "uncontrolledHypertension",
    "stage1Hypertension",
    "hypotensionRisk",
    "severeHyperglycemia",
    "uncontrolledDiabetes",
    "prediabetes",
    "hypoglycemiaRisk",
    "severeAnemia",
    "anemia",
    "cardiovascularEvent",
    "complicationRisk"
  ],
  "standardization": {
    "means": {
      "age": 48.422917,
      "systolic": 139.416667,
      "diastolic": 88.5375,
      "glucose": 162.732292,
      "hemoglobin": 11.612604,
      "hasBp": 0.625,
      "hasDiabetes": 0.625,
      "smoker": 0.430208,
      "alcoholic": 0.25,
      "diseaseCount": 2.628125,
      "diseaseCategoryCount": 1.782292
    },
    "stds": {
      "age": 13.663527,
      "systolic": 26.958366,
      "diastolic": 17.939907,
      "glucose": 84.735435,
      "hemoglobin": 2.337551,
      "hasBp": 0.484123,
      "hasDiabetes": 0.484123,
      "smoker": 0.495105,
      "alcoholic": 0.433013,
      "diseaseCount": 2.27446,
      "diseaseCategoryCount": 1.40145
    }
  },
  "models": {
    "hypertensiveCrisis": {
      "weights": [
        -0.03778949,
        0.8693827,
        0.72700753,
        0.55069782,
        -0.50842447,
        -0.3448961,
        -0.28919215,
        0.10898115,
        0.44060863,
        0.20969506,
        0.40155924
      ],
      "bias": -3.34057477,
      "threshold": 0.6
    },
    "uncontrolledHypertension": {
      "weights": [
        0.04511779,
        0.31903619,
        0.06786262,
        -0.39007836,
        0.5387327,
        1.63161832,
        1.11793097,
        0.01356489,
        -0.49739554,
        -0.22233722,
        -0.39804814
      ],
      "bias": -1.0043704,
      "threshold": 0.43
    },
    "stage1Hypertension": {
      "weights": [
        0.22620762,
        -0.63773538,
        -0.05859061,
        -0.58837376,
        0.80453032,
        0.24878409,
        0.04509134,
        -0.10454792,
        0.01158786,
        -0.04231903,
        -0.00597375
      ],
      "bias": -1.6480495,
      "threshold": 0.23
    },
    "hypotensionRisk": {
      "weights": [
        0.08964695,
        -0.42688132,
        -0.60307495,
        0.08531327,
        -0.66646663,
        -0.15480157,
        -0.22354311,
        -0.09084948,
        0.04179295,
        0.02798105,
        0.02953404
      ],
      "bias": -3.90413225,
      "threshold": 0.3
    },
    "severeHyperglycemia": {
      "weights": [
        -0.02995369,
        0.4853168,
        0.45693594,
        0.96241635,
        -0.26598588,
        -0.29821002,
        -0.22673077,
        0.15146918,
        0.30149883,
        0.19038153,
        0.17265226
      ],
      "bias": -3.47757131,
      "threshold": 0.53
    },
    "uncontrolledDiabetes": {
      "weights": [
        0.23320287,
        -0.0163329,
        -0.08158693,
        0.82320158,
        -0.04845213,
        0.80911924,
        0.81998081,
        -0.42217684,
        -0.42399043,
        -0.05741945,
        -0.09793809
      ],
      "bias": -2.15056757,
      "threshold": 0.32
    },
    "prediabetes": {
      "weights": [
        -0.065369,
        -0.42929732,
        -0.39386547,
        -0.32865396,
        0.56871756,
        1.50703227,
        0.2616355,
        0.44384125,
        -0.05190849,
        0.25397953,
        -0.12844691
      ],
      "bias": -1.61398402,
      "threshold": 0.41
    },
    "hypoglycemiaRisk": {
      "weights": [
        0.33992892,
        0.05954496,
        0.08169381,
        -1.59399867,
        -0.05076311,
        -0.76675747,
        0.32479961,
        -0.20723713,
        0.19644857,
        -0.12816388,
        -0.10237757
      ],
      "bias": -2.87934744,
      "threshold": 0.33
    },
    "severeAnemia": {
      "weights": [
        -0.06680073,
        -0.16764174,
        -0.26330662,
        -0.02323803,
        -1.52797831,
        -0.34133839,
        -0.43632753,
        -0.11940733,
        0.07273121,
        0.22145328,
        0.08842816
      ],
      "bias": -3.30244678,
      "threshold": 0.61
    },
    "anemia": {
      "weights": [
        0.3813705,
        0.32690799,
        0.30737992,
        0.2180067,
        -1.16334914,
        0.22256693,
        0.42512987,
        -0.06880234,
        0.05382483,
        -0.02237876,
        -0.02218873
      ],
      "bias": -0.72282345,
      "threshold": 0.49
    },
    "cardiovascularEvent": {
      "weights": [
        1.67856353,
        0.37673778,
        0.25918862,
        0.36003098,
        -0.18772699,
        0.20616619,
        0.5242141,
        0.4987211,
        0.23299475,
        0.49524016,
        0.22970223
      ],
      "bias": 0.12758579,
      "threshold": 0.57
    },
    "complicationRisk": {
      "weights": [
        0.16792975,
        -0.03560291,
        0.03570853,
        0.09987619,
        -0.22795756,
        0.34779902,
        0.2637745,
        0.02158508,
        -0.14048459,
        1.66565575,
        1.22791175
      ],
      "bias": 2.12510767,
      "threshold": 0.53
    }
  },
  "metrics": {
    "hypertensiveCrisis": {
      "positiveRate": 0.1281,
      "f1": 0.9547
    },
    "uncontrolledHypertension": {
      "positiveRate": 0.3875,
      "f1": 0.8137
    },
    "stage1Hypertension": {
      "positiveRate": 0.224,
      "f1": 0.5687
    },
    "hypotensionRisk": {
      "positiveRate": 0.0385,
      "f1": 0.6897
    },
    "severeHyperglycemia": {
      "positiveRate": 0.1,
      "f1": 0.8627
    },
    "uncontrolledDiabetes": {
      "positiveRate": 0.201,
      "f1": 0.6579
    },
    "prediabetes": {
      "positiveRate": 0.2437,
      "f1": 0.6759
    },
    "hypoglycemiaRisk": {
      "positiveRate": 0.1375,
      "f1": 0.8092
    },
    "severeAnemia": {
      "positiveRate": 0.099,
      "f1": 0.9305
    },
    "anemia": {
      "positiveRate": 0.3896,
      "f1": 0.7801
    },
    "cardiovascularEvent": {
      "positiveRate": 0.501,
      "f1": 0.9216
    },
    "complicationRisk": {
      "positiveRate": 0.6854,
      "f1": 0.9531
    }
  },
  "training": {
    "epochs": 400,
    "lr": 0.15,
    "reg": 0.01,
    "samples": 960
  }
}